0.0,0.0,0.0,0.0,0.0,0.0,0.0,0.0,
1000.0,0.30000001192092896,0.10000000149011612,0.10000000149011612,0.10000000149011612,0.0,0.10000000149011612,0.0,
2000.0,0.30000001192092896,0.10000000149011612,0.10000000149011612,0.0,0.10000000149011612,0.10000000149011612,0.10000000149011612,
3000.0,0.20000000298023224,0.20000000298023224,0.20000000298023224,0.20000000298023224,0.0,0.30000001192092896,0.10000000149011612,
4000.0,0.30000001192092896,0.30000001192092896,0.20000000298023224,0.10000000149011612,0.20000000298023224,0.30000001192092896,0.20000000298023224,
5000.0,0.4000000059604645,0.4000000059604645,0.30000001192092896,0.4000000059604645,0.20000000298023224,0.20000000298023224,0.4000000059604645,
6000.0,0.4000000059604645,0.4000000059604645,0.20000000298023224,0.4000000059604645,0.30000001192092896,0.5,0.4000000059604645,
7000.0,0.5,0.6000000238418579,0.5,0.30000001192092896,0.4000000059604645,0.6000000238418579,0.4000000059604645,
8000.0,0.5,0.6000000238418579,0.699999988079071,0.4000000059604645,0.4000000059604645,0.699999988079071,0.5,
9000.0,0.699999988079071,0.800000011920929,0.699999988079071,0.5,0.5,0.5,0.699999988079071,
10000.0,0.699999988079071,0.699999988079071,0.699999988079071,0.800000011920929,0.5,0.800000011920929,0.699999988079071,
11000.0,0.800000011920929,0.8999999761581421,1.0,0.800000011920929,0.5,0.699999988079071,0.800000011920929,
12000.0,0.699999988079071,1.0,1.0,0.800000011920929,0.6000000238418579,0.8999999761581421,1.0,
13000.0,0.8999999761581421,1.0,1.0,0.800000011920929,0.6000000238418579,1.0,1.0,
14000.0,1.0,1.0,1.2000000476837158,0.8999999761581421,0.800000011920929,1.100000023841858,1.0,
15000.0,1.2000000476837158,1.2999999523162842,1.2000000476837158,1.100000023841858,0.699999988079071,1.399999976158142,1.2999999523162842,
16000.0,1.100000023841858,1.2000000476837158,1.0,1.100000023841858,1.0,1.5,1.2999999523162842,
17000.0,1.2000000476837158,1.2999999523162842,1.5,1.2000000476837158,0.8999999761581421,1.399999976158142,1.2000000476837158,
18000.0,1.2999999523162842,1.399999976158142,1.600000023841858,1.5,1.0,1.399999976158142,1.5,
19000.0,1.2999999523162842,1.7000000476837158,1.7999999523162842,1.399999976158142,1.100000023841858,1.5,1.399999976158142,
20000.0,1.5,1.7999999523162842,1.899999976158142,1.399999976158142,1.0,1.7000000476837158,1.600000023841858,
21000.0,1.399999976158142,1.7999999523162842,2.0,1.600000023841858,1.100000023841858,2.0,1.600000023841858,
22000.0,1.600000023841858,2.0,2.0,1.7000000476837158,1.2999999523162842,1.899999976158142,2.0999999046325684,
23000.0,1.600000023841858,1.899999976158142,2.0,2.0,1.2999999523162842,1.899999976158142,2.0999999046325684,
24000.0,2.0,2.0999999046325684,2.0999999046325684,1.7999999523162842,1.2999999523162842,2.0,1.899999976158142,
25000.0,1.899999976158142,2.299999952316284,2.0,2.0,1.5,2.4000000953674316,2.0,
26000.0,1.899999976158142,3.0999999046325684,2.299999952316284,2.0999999046325684,1.2000000476837158,2.5,2.0,
27000.0,2.0,2.5999999046325684,2.5,2.200000047683716,1.399999976158142,2.200000047683716,2.200000047683716,
28000.0,2.299999952316284,2.5999999046325684,2.700000047683716,2.200000047683716,1.7000000476837158,2.5,2.0999999046325684,
29000.0,2.4000000953674316,2.5999999046325684,3.0,2.299999952316284,1.7000000476837158,2.9000000953674316,2.299999952316284,
30000.0,2.299999952316284,2.0999999046325684,2.9000000953674316,2.4000000953674316,2.0,3.0,2.4000000953674316,
31000.0,2.4000000953674316,2.700000047683716,2.9000000953674316,3.0,1.7999999523162842,2.0999999046325684,2.5999999046325684,
32000.0,2.4000000953674316,3.0,2.9000000953674316,2.700000047683716,2.0,3.0999999046325684,2.5999999046325684,
33000.0,2.5,3.0,3.200000047683716,2.200000047683716,2.0,3.0999999046325684,3.0,
34000.0,2.200000047683716,3.0,3.200000047683716,2.799999952316284,2.0,3.0,2.700000047683716,
35000.0,2.9000000953674316,3.0999999046325684,3.299999952316284,3.0,2.0,3.0,2.799999952316284,
36000.0,2.700000047683716,3.200000047683716,3.4000000953674316,3.0,2.0999999046325684,3.5,3.0,
37000.0,2.9000000953674316,3.4000000953674316,3.5999999046325684,3.0,2.4000000953674316,3.700000047683716,3.0,
38000.0,3.0,3.4000000953674316,4.0,3.0,2.299999952316284,3.799999952316284,3.5,
39000.0,3.0,3.4000000953674316,3.5999999046325684,3.200000047683716,2.4000000953674316,3.9000000953674316,3.200000047683716,
40000.0,3.200000047683716,7.199999809265137,3.700000047683716,3.4000000953674316,2.4000000953674316,3.9000000953674316,3.700000047683716,
41000.0,3.0999999046325684,4.5,4.0,3.799999952316284,2.4000000953674316,4.599999904632568,3.4000000953674316,
42000.0,3.4000000953674316,3.9000000953674316,4.0,3.5999999046325684,2.9000000953674316,4.099999904632568,3.5999999046325684,
43000.0,3.200000047683716,4.0,4.199999809265137,4.099999904632568,3.0,4.0,3.0,
44000.0,3.799999952316284,4.199999809265137,4.400000095367432,4.0,2.5999999046325684,4.099999904632568,3.700000047683716,
45000.0,3.799999952316284,4.5,4.5,3.9000000953674316,2.700000047683716,4.400000095367432,3.9000000953674316,
46000.0,3.5999999046325684,4.300000190734863,4.699999809265137,3.9000000953674316,2.9000000953674316,4.400000095367432,3.9000000953674316,
47000.0,3.799999952316284,4.400000095367432,4.699999809265137,4.099999904632568,3.0999999046325684,4.199999809265137,3.9000000953674316,
48000.0,4.0,4.0,5.099999904632568,4.099999904632568,3.0,4.800000190734863,4.099999904632568,
49000.0,3.9000000953674316,5.0,4.900000095367432,4.199999809265137,3.0,4.900000095367432,4.199999809265137,
50000.0,4.099999904632568,4.699999809265137,5.0,4.400000095367432,3.0,5.099999904632568,4.300000190734863,
51000.0,4.099999904632568,4.800000190734863,5.099999904632568,4.400000095367432,3.200000047683716,5.0,4.5,
52000.0,4.099999904632568,5.0,5.400000095367432,5.0,3.4000000953674316,5.099999904632568,4.099999904632568,
53000.0,4.5,5.099999904632568,5.400000095367432,4.699999809265137,3.200000047683716,5.400000095367432,4.5,
54000.0,4.300000190734863,5.099999904632568,5.199999809265137,4.699999809265137,3.5,5.199999809265137,4.900000095367432,
55000.0,4.300000190734863,5.300000190734863,5.800000190734863,4.800000190734863,3.5999999046325684,5.199999809265137,4.800000190734863,
56000.0,4.5,5.400000095367432,5.800000190734863,5.300000190734863,3.700000047683716,5.599999904632568,4.699999809265137,
57000.0,4.599999904632568,5.800000190734863,5.800000190734863,5.0,3.4000000953674316,5.5,4.900000095367432,
58000.0,4.800000190734863,5.800000190734863,6.0,5.0,3.700000047683716,5.800000190734863,5.0,
59000.0,4.699999809265137,5.5,6.099999904632568,5.099999904632568,3.799999952316284,6.0,5.199999809265137,
60000.0,5.0,5.900000095367432,6.300000190734863,5.5,3.799999952316284,6.0,5.400000095367432,
61000.0,5.199999809265137,6.099999904632568,6.300000190734863,5.900000095367432,3.799999952316284,5.900000095367432,5.199999809265137,
62000.0,5.099999904632568,6.099999904632568,6.199999809265137,5.5,3.9000000953674316,6.300000190734863,5.300000190734863,
63000.0,5.199999809265137,6.099999904632568,6.599999904632568,5.599999904632568,4.099999904632568,6.5,5.5,
64000.0,5.099999904632568,6.0,6.599999904632568,5.800000190734863,4.199999809265137,7.0,5.699999809265137,
65000.0,5.5,6.599999904632568,6.800000190734863,6.0,4.099999904632568,6.5,5.800000190734863,
66000.0,5.599999904632568,6.5,7.0,5.699999809265137,4.199999809265137,7.099999904632568,6.0,
67000.0,5.699999809265137,6.800000190734863,7.0,6.199999809265137,4.699999809265137,6.900000095367432,6.099999904632568,
68000.0,6.0,11.100000381469727,7.099999904632568,6.300000190734863,4.400000095367432,6.900000095367432,6.099999904632568,
69000.0,6.0,7.300000190734863,7.300000190734863,5.900000095367432,4.199999809265137,7.0,6.199999809265137,
70000.0,6.0,7.099999904632568,7.400000095367432,6.400000095367432,4.5,7.199999809265137,6.199999809265137,
71000.0,6.0,11.800000190734863,7.599999904632568,6.599999904632568,4.699999809265137,7.900000095367432,6.5,
72000.0,6.400000095367432,7.699999809265137,7.699999809265137,6.300000190734863,4.699999809265137,7.699999809265137,6.900000095367432,
73000.0,7.199999809265137,7.400000095367432,7.800000190734863,6.599999904632568,4.800000190734863,8.800000190734863,6.599999904632568,
74000.0,7.599999904632568,7.599999904632568,8.0,6.900000095367432,4.699999809265137,9.0,6.5,
75000.0,6.599999904632568,7.599999904632568,8.899999618530273,6.900000095367432,4.900000095367432,8.199999809265137,6.5,
76000.0,6.400000095367432,7.800000190734863,9.199999809265137,6.699999809265137,5.099999904632568,8.300000190734863,6.900000095367432,
77000.0,6.699999809265137,7.800000190734863,8.199999809265137,7.099999904632568,5.099999904632568,8.300000190734863,7.0,
78000.0,6.800000190734863,7.800000190734863,8.5,7.0,5.5,9.199999809265137,7.099999904632568,
79000.0,6.900000095367432,8.100000381469727,8.399999618530273,7.199999809265137,5.400000095367432,8.100000381469727,7.5,
80000.0,6.900000095367432,8.199999809265137,8.699999809265137,7.400000095367432,5.300000190734863,8.899999618530273,7.099999904632568,
81000.0,7.199999809265137,10.699999809265137,8.800000190734863,7.5,5.5,8.600000381469727,7.5,
82000.0,7.400000095367432,9.100000381469727,9.0,7.599999904632568,5.599999904632568,10.0,7.5,
83000.0,7.400000095367432,8.600000381469727,9.100000381469727,7.5,6.0,8.899999618530273,7.5,
84000.0,7.199999809265137,9.0,9.300000190734863,7.800000190734863,5.400000095367432,9.199999809265137,7.5,
85000.0,7.699999809265137,11.399999618530273,9.399999618530273,8.300000190734863,5.800000190734863,9.600000381469727,7.699999809265137,
86000.0,7.699999809265137,8.899999618530273,9.5,8.100000381469727,5.699999809265137,9.100000381469727,7.699999809265137,
87000.0,7.699999809265137,9.0,9.699999809265137,8.300000190734863,6.0,9.300000190734863,8.0,
88000.0,7.900000095367432,9.300000190734863,9.899999618530273,8.899999618530273,5.800000190734863,9.5,8.0,
89000.0,7.900000095367432,9.399999618530273,9.899999618530273,8.300000190734863,6.0,9.5,8.0,
90000.0,8.199999809265137,12.399999618530273,10.100000381469727,8.5,6.599999904632568,9.699999809265137,8.300000190734863,
91000.0,8.5,11.300000190734863,10.100000381469727,8.600000381469727,6.300000190734863,9.600000381469727,8.5,
92000.0,8.199999809265137,9.5,10.600000381469727,8.699999809265137,6.300000190734863,9.899999618530273,8.399999618530273,
93000.0,8.399999618530273,10.100000381469727,10.300000190734863,8.899999618530273,6.5,9.899999618530273,8.5,
94000.0,8.600000381469727,9.800000190734863,10.5,9.100000381469727,6.400000095367432,10.0,8.600000381469727,
95000.0,8.5,9.899999618530273,10.800000190734863,9.0,6.5,10.100000381469727,8.800000190734863,
96000.0,8.699999809265137,9.800000190734863,10.800000190734863,9.100000381469727,6.599999904632568,10.899999618530273,9.0,
97000.0,8.899999618530273,10.5,11.399999618530273,9.300000190734863,6.5,10.5,9.0,
98000.0,8.899999618530273,10.600000381469727,11.100000381469727,9.399999618530273,6.800000190734863,10.600000381469727,9.100000381469727,
99000.0,9.0,10.5,11.300000190734863,9.899999618530273,6.900000095367432,11.0,9.100000381469727,
100000.0,9.300000190734863,10.699999809265137,11.300000190734863,9.699999809265137,6.800000190734863,10.699999809265137,9.5,
101000.0,10.199999809265137,10.899999618530273,11.300000190734863,9.800000190734863,7.0,10.899999618530273,9.199999809265137,
102000.0,10.0,10.600000381469727,11.5,11.5,7.0,11.0,9.300000190734863,
103000.0,9.399999618530273,11.0,11.5,9.899999618530273,7.199999809265137,11.0,9.699999809265137,
104000.0,9.600000381469727,11.100000381469727,11.800000190734863,10.100000381469727,7.199999809265137,11.300000190734863,9.699999809265137,
105000.0,9.800000190734863,11.199999809265137,11.800000190734863,10.199999809265137,7.099999904632568,11.100000381469727,9.899999618530273,
106000.0,9.699999809265137,11.100000381469727,12.0,10.5,7.5,11.600000381469727,10.0,
107000.0,10.0,11.5,12.199999809265137,10.5,7.400000095367432,11.800000190734863,10.100000381469727,
108000.0,10.100000381469727,11.699999809265137,14.399999618530273,10.5,7.5,11.600000381469727,10.399999618530273,
109000.0,10.100000381469727,11.800000190734863,12.5,10.800000190734863,7.599999904632568,11.699999809265137,10.300000190734863,
110000.0,10.899999618530273,11.899999618530273,12.800000190734863,10.699999809265137,7.599999904632568,12.0,10.5,
111000.0,10.5,11.600000381469727,12.699999809265137,10.699999809265137,7.699999809265137,11.600000381469727,10.199999809265137,
112000.0,10.399999618530273,12.300000190734863,12.600000381469727,10.699999809265137,7.599999904632568,12.399999618530273,10.600000381469727,
113000.0,10.699999809265137,12.199999809265137,13.0,11.0,7.800000190734863,12.100000381469727,10.699999809265137,
114000.0,10.800000190734863,16.100000381469727,13.199999809265137,11.100000381469727,8.0,12.300000190734863,10.800000190734863,
115000.0,10.800000190734863,13.899999618530273,13.600000381469727,11.399999618530273,7.900000095367432,13.300000190734863,10.899999618530273,
116000.0,10.300000190734863,12.800000190734863,13.300000190734863,11.5,8.0,12.800000190734863,11.0,
117000.0,11.0,12.399999618530273,13.699999809265137,11.699999809265137,8.300000190734863,12.800000190734863,11.0,
118000.0,11.399999618530273,12.399999618530273,13.800000190734863,11.600000381469727,8.300000190734863,13.300000190734863,11.300000190734863,
119000.0,11.399999618530273,12.699999809265137,13.699999809265137,12.100000381469727,8.199999809265137,12.800000190734863,11.300000190734863,
120000.0,11.399999618530273,13.100000381469727,14.100000381469727,12.0,8.300000190734863,13.300000190734863,11.600000381469727,
121000.0,11.600000381469727,13.399999618530273,14.199999809265137,12.0,8.399999618530273,13.399999618530273,11.399999618530273,
122000.0,11.699999809265137,14.300000190734863,15.699999809265137,12.100000381469727,8.600000381469727,13.399999618530273,12.300000190734863,
123000.0,12.0,13.899999618530273,14.300000190734863,12.199999809265137,8.800000190734863,15.100000381469727,11.5,
124000.0,12.100000381469727,13.399999618530273,14.300000190734863,12.399999618530273,8.699999809265137,13.300000190734863,11.600000381469727,
125000.0,12.5,14.300000190734863,14.5,12.600000381469727,9.100000381469727,13.699999809265137,11.899999618530273,
126000.0,12.600000381469727,13.899999618530273,15.0,12.699999809265137,9.0,14.0,11.800000190734863,
127000.0,12.5,14.100000381469727,14.699999809265137,12.899999618530273,9.100000381469727,15.600000381469727,12.300000190734863,
128000.0,12.399999618530273,14.800000190734863,14.600000381469727,13.100000381469727,9.199999809265137,16.700000762939453,12.699999809265137,
129000.0,12.600000381469727,14.399999618530273,15.100000381469727,13.300000190734863,9.300000190734863,14.699999809265137,12.600000381469727,
130000.0,12.699999809265137,14.5,15.300000190734863,13.199999809265137,9.199999809265137,14.800000190734863,12.399999618530273,
131000.0,12.899999618530273,15.199999809265137,15.899999618530273,14.100000381469727,9.100000381469727,15.199999809265137,13.0,
132000.0,13.399999618530273,14.899999618530273,15.5,13.199999809265137,9.5,15.300000190734863,12.600000381469727,
133000.0,13.300000190734863,15.5,15.699999809265137,13.5,9.300000190734863,15.300000190734863,12.899999618530273,
134000.0,13.199999809265137,15.600000381469727,15.899999618530273,14.199999809265137,9.5,15.100000381469727,12.899999618530273,
135000.0,13.0,19.600000381469727,16.0,13.699999809265137,9.800000190734863,15.5,13.0,
136000.0,13.399999618530273,14.800000190734863,16.100000381469727,13.399999618530273,9.399999618530273,15.300000190734863,13.0,
137000.0,13.5,15.300000190734863,15.899999618530273,13.399999618530273,9.600000381469727,15.300000190734863,13.100000381469727,
138000.0,14.0,15.5,16.5,14.0,9.800000190734863,15.600000381469727,13.300000190734863,
139000.0,13.800000190734863,15.600000381469727,16.799999237060547,14.199999809265137,10.399999618530273,16.0,13.399999618530273,
140000.0,13.899999618530273,15.800000190734863,16.399999618530273,14.300000190734863,10.0,15.600000381469727,13.399999618530273,
141000.0,14.0,15.899999618530273,16.899999618530273,15.5,10.0,15.800000190734863,13.100000381469727,
142000.0,14.300000190734863,16.5,16.799999237060547,14.399999618530273,10.199999809265137,16.299999237060547,13.5,
143000.0,14.5,16.200000762939453,17.200000762939453,14.5,10.100000381469727,15.899999618530273,13.899999618530273,
144000.0,14.600000381469727,16.100000381469727,17.600000381469727,14.800000190734863,10.300000190734863,16.899999618530273,13.899999618530273,
145000.0,14.300000190734863,15.899999618530273,17.200000762939453,15.100000381469727,10.600000381469727,16.100000381469727,14.0,
146000.0,14.600000381469727,16.700000762939453,17.5,14.800000190734863,10.5,16.100000381469727,14.199999809265137,
147000.0,14.899999618530273,16.100000381469727,17.200000762939453,15.199999809265137,10.800000190734863,16.799999237060547,14.300000190734863,
148000.0,15.0,17.0,23.100000381469727,16.299999237060547,10.600000381469727,17.299999237060547,14.300000190734863,
149000.0,15.199999809265137,16.700000762939453,18.399999618530273,15.199999809265137,10.699999809265137,17.299999237060547,14.399999618530273,
150000.0,15.300000190734863,16.899999618530273,18.399999618530273,15.300000190734863,10.899999618530273,17.0,14.899999618530273,
151000.0,15.5,17.0,18.0,15.300000190734863,10.800000190734863,17.0,14.600000381469727,
152000.0,15.600000381469727,17.799999237060547,18.5,15.399999618530273,10.800000190734863,17.299999237060547,14.600000381469727,
153000.0,15.600000381469727,17.799999237060547,18.899999618530273,16.100000381469727,11.0,17.100000381469727,14.899999618530273,
154000.0,16.0,17.5,18.600000381469727,15.699999809265137,11.0,17.799999237060547,15.100000381469727,
155000.0,15.800000190734863,17.899999618530273,18.5,15.800000190734863,11.199999809265137,17.799999237060547,15.300000190734863,
156000.0,16.100000381469727,17.5,19.0,16.399999618530273,11.399999618530273,17.899999618530273,15.600000381469727,
157000.0,16.0,18.0,19.0,18.100000381469727,13.199999809265137,18.0,15.199999809265137,
158000.0,16.600000381469727,17.899999618530273,19.200000762939453,16.399999618530273,11.800000190734863,18.0,15.699999809265137,
159000.0,17.0,18.200000762939453,19.5,16.5,11.5,18.700000762939453,16.299999237060547,
160000.0,16.5,17.799999237060547,19.600000381469727,16.299999237060547,11.699999809265137,20.399999618530273,15.899999618530273,
161000.0,16.600000381469727,18.899999618530273,19.5,16.600000381469727,11.600000381469727,18.399999618530273,15.800000190734863,
162000.0,16.899999618530273,18.399999618530273,19.700000762939453,16.700000762939453,12.100000381469727,18.799999237060547,16.100000381469727,
163000.0,16.899999618530273,18.399999618530273,19.899999618530273,16.799999237060547,12.0,18.899999618530273,15.899999618530273,
164000.0,17.100000381469727,19.100000381469727,19.899999618530273,17.0,11.899999618530273,22.0,16.600000381469727,
165000.0,17.200000762939453,19.0,19.899999618530273,17.299999237060547,12.199999809265137,19.0,18.0,
166000.0,17.899999618530273,18.600000381469727,20.299999237060547,17.600000381469727,11.899999618530273,19.299999237060547,16.100000381469727,
167000.0,17.799999237060547,19.100000381469727,20.100000381469727,17.299999237060547,13.300000190734863,19.299999237060547,16.0,
168000.0,17.799999237060547,19.399999618530273,20.600000381469727,17.799999237060547,12.300000190734863,20.299999237060547,16.399999618530273,
169000.0,17.5,19.5,20.700000762939453,17.600000381469727,12.600000381469727,19.700000762939453,16.899999618530273,
170000.0,17.899999618530273,19.299999237060547,20.600000381469727,17.700000762939453,12.800000190734863,20.799999237060547,16.799999237060547,
171000.0,18.100000381469727,19.5,21.299999237060547,17.899999618530273,12.699999809265137,20.200000762939453,16.899999618530273,
172000.0,18.799999237060547,19.799999237060547,20.899999618530273,18.100000381469727,12.600000381469727,21.0,16.899999618530273,
173000.0,18.799999237060547,19.700000762939453,21.5,17.899999618530273,12.800000190734863,20.399999618530273,17.0,
174000.0,18.700000762939453,20.0,21.5,18.299999237060547,13.699999809265137,20.700000762939453,17.200000762939453,
175000.0,18.600000381469727,20.399999618530273,21.399999618530273,19.399999618530273,13.5,20.200000762939453,17.299999237060547,
176000.0,18.899999618530273,20.299999237060547,21.600000381469727,18.5,13.0,23.399999618530273,17.299999237060547,
177000.0,18.899999618530273,20.700000762939453,21.700000762939453,19.200000762939453,13.600000381469727,21.600000381469727,17.399999618530273,
178000.0,19.100000381469727,22.700000762939453,22.100000381469727,18.5,13.300000190734863,20.899999618530273,17.399999618530273,
179000.0,19.299999237060547,21.0,22.0,18.899999618530273,13.600000381469727,21.100000381469727,17.799999237060547,
180000.0,19.399999618530273,21.399999618530273,22.200000762939453,19.100000381469727,13.0,21.399999618530273,17.899999618530273,
181000.0,19.600000381469727,22.399999618530273,22.899999618530273,19.100000381469727,13.5,21.5,18.100000381469727,
182000.0,19.799999237060547,20.899999618530273,23.0,19.5,13.600000381469727,21.200000762939453,18.200000762939453,
183000.0,19.899999618530273,21.600000381469727,22.799999237060547,19.399999618530273,13.300000190734863,21.0,18.100000381469727,
184000.0,20.0,21.0,23.200000762939453,19.600000381469727,13.600000381469727,21.799999237060547,18.299999237060547,
185000.0,20.600000381469727,22.200000762939453,23.399999618530273,19.799999237060547,13.800000190734863,21.299999237060547,18.399999618530273,
186000.0,20.600000381469727,21.899999618530273,23.299999237060547,20.200000762939453,13.5,21.600000381469727,18.299999237060547,
187000.0,20.5,22.100000381469727,23.600000381469727,19.899999618530273,13.800000190734863,22.200000762939453,19.799999237060547,
188000.0,20.399999618530273,21.799999237060547,23.799999237060547,20.200000762939453,13.899999618530273,22.0,18.700000762939453,
189000.0,20.799999237060547,22.0,23.799999237060547,20.799999237060547,14.0,22.299999237060547,18.799999237060547,
190000.0,21.0,21.600000381469727,23.899999618530273,20.100000381469727,14.100000381469727,22.399999618530273,19.0,
191000.0,21.0,22.299999237060547,23.899999618530273,20.299999237060547,14.100000381469727,22.799999237060547,19.200000762939453,
192000.0,21.100000381469727,22.200000762939453,24.399999618530273,20.600000381469727,14.199999809265137,24.700000762939453,19.100000381469727,
193000.0,21.299999237060547,22.799999237060547,24.399999618530273,20.600000381469727,14.399999618530273,23.200000762939453,19.399999618530273,
194000.0,22.299999237060547,24.100000381469727,24.0,20.799999237060547,14.399999618530273,24.0,19.700000762939453,
195000.0,22.899999618530273,22.700000762939453,24.600000381469727,21.0,14.600000381469727,24.100000381469727,19.5,
196000.0,22.399999618530273,23.600000381469727,24.5,20.899999618530273,14.699999809265137,25.299999237060547,19.399999618530273,
197000.0,22.899999618530273,23.100000381469727,24.899999618530273,20.899999618530273,14.5,26.600000381469727,19.899999618530273,
198000.0,22.399999618530273,23.700000762939453,24.799999237060547,21.0,14.699999809265137,24.100000381469727,19.899999618530273,
199000.0,22.299999237060547,24.0,24.899999618530273,21.399999618530273,14.699999809265137,23.700000762939453,22.0,
200000.0,22.299999237060547,23.5,25.299999237060547,21.200000762939453,14.899999618530273,24.200000762939453,20.100000381469727,
201000.0,22.5,23.899999618530273,25.200000762939453,21.600000381469727,15.100000381469727,23.5,20.100000381469727,
202000.0,22.799999237060547,24.399999618530273,25.899999618530273,21.700000762939453,15.0,23.600000381469727,20.5,
203000.0,23.100000381469727,23.100000381469727,25.5,21.700000762939453,15.199999809265137,24.0,20.5,
204000.0,23.100000381469727,23.899999618530273,25.799999237060547,21.899999618530273,15.100000381469727,24.5,20.700000762939453,
205000.0,23.200000762939453,24.399999618530273,26.299999237060547,21.799999237060547,15.199999809265137,24.899999618530273,20.899999618530273,
206000.0,23.5,24.399999618530273,26.100000381469727,22.5,17.299999237060547,24.100000381469727,22.0,
207000.0,23.399999618530273,24.899999618530273,26.5,22.100000381469727,17.399999618530273,23.799999237060547,20.899999618530273,
208000.0,23.5,24.899999618530273,26.0,22.200000762939453,16.899999618530273,25.299999237060547,21.200000762939453,
209000.0,23.799999237060547,24.5,26.299999237060547,22.700000762939453,15.399999618530273,25.600000381469727,20.799999237060547,
210000.0,27.0,24.899999618530273,26.700000762939453,22.600000381469727,15.600000381469727,24.399999618530273,21.399999618530273,
211000.0,24.899999618530273,25.700000762939453,26.899999618530273,22.700000762939453,15.600000381469727,25.299999237060547,21.200000762939453,
212000.0,24.299999237060547,25.100000381469727,26.700000762939453,23.100000381469727,16.0,26.0,21.299999237060547,
213000.0,24.600000381469727,26.100000381469727,27.299999237060547,23.200000762939453,16.0,38.5,21.5,
214000.0,24.600000381469727,26.399999618530273,27.600000381469727,23.600000381469727,16.200000762939453,26.399999618530273,21.5,
215000.0,24.5,25.700000762939453,33.900001525878906,23.200000762939453,16.299999237060547,26.0,21.899999618530273,
216000.0,25.0,26.899999618530273,27.799999237060547,24.200000762939453,16.200000762939453,26.0,21.399999618530273,
217000.0,24.799999237060547,26.299999237060547,28.200000762939453,23.899999618530273,16.299999237060547,25.600000381469727,22.0,
218000.0,25.0,26.399999618530273,28.399999618530273,23.899999618530273,16.5,25.5,22.299999237060547,
219000.0,25.0,26.799999237060547,28.399999618530273,24.0,16.399999618530273,25.5,22.399999618530273,
220000.0,25.700000762939453,28.5,28.299999237060547,24.299999237060547,16.600000381469727,26.5,22.200000762939453,
221000.0,25.399999618530273,27.700000762939453,28.200000762939453,24.299999237060547,16.700000762939453,26.600000381469727,22.299999237060547,
222000.0,26.299999237060547,26.299999237060547,30.200000762939453,23.899999618530273,16.600000381469727,26.5,22.200000762939453,
223000.0,26.600000381469727,26.100000381469727,28.5,24.399999618530273,17.0,27.100000381469727,22.700000762939453,
224000.0,26.200000762939453,27.799999237060547,28.600000381469727,24.299999237060547,16.700000762939453,30.0,22.799999237060547,
225000.0,26.600000381469727,28.600000381469727,29.0,24.5,16.899999618530273,27.399999618530273,23.0,
226000.0,26.5,28.600000381469727,29.0,24.600000381469727,16.899999618530273,27.0,23.0,
227000.0,26.5,29.799999237060547,29.0,24.700000762939453,17.100000381469727,27.100000381469727,23.399999618530273,
228000.0,26.799999237060547,29.0,31.200000762939453,25.200000762939453,17.299999237060547,27.700000762939453,23.0,
229000.0,26.899999618530273,28.299999237060547,29.299999237060547,25.299999237060547,17.100000381469727,29.799999237060547,23.100000381469727,
230000.0,27.100000381469727,28.399999618530273,29.600000381469727,25.399999618530273,17.399999618530273,28.600000381469727,23.200000762939453,
231000.0,27.600000381469727,27.600000381469727,30.299999237060547,24.899999618530273,17.399999618530273,28.899999618530273,23.799999237060547,
232000.0,27.399999618530273,28.600000381469727,29.899999618530273,25.100000381469727,17.600000381469727,28.5,23.5,
233000.0,27.399999618530273,28.899999618530273,30.399999618530273,25.200000762939453,17.5,28.399999618530273,25.5,
234000.0,28.0,28.399999618530273,29.799999237060547,25.899999618530273,18.0,27.799999237060547,24.100000381469727,
235000.0,28.0,29.700000762939453,30.5,25.700000762939453,17.899999618530273,28.200000762939453,24.0,
236000.0,28.100000381469727,28.799999237060547,30.5,25.799999237060547,17.799999237060547,28.700000762939453,24.0,
237000.0,28.200000762939453,29.100000381469727,30.899999618530273,25.899999618530273,18.100000381469727,31.299999237060547,24.299999237060547,
238000.0,28.5,29.200000762939453,31.100000381469727,26.0,18.200000762939453,29.100000381469727,24.5,
239000.0,28.399999618530273,30.0,31.299999237060547,26.200000762939453,18.100000381469727,29.399999618530273,24.600000381469727,
240000.0,28.700000762939453,29.600000381469727,32.70000076293945,26.299999237060547,18.200000762939453,30.5,25.0,
241000.0,29.200000762939453,30.600000381469727,31.700000762939453,26.700000762939453,18.600000381469727,29.200000762939453,25.100000381469727,
242000.0,29.100000381469727,29.700000762939453,31.5,26.600000381469727,18.399999618530273,29.399999618530273,25.200000762939453,
243000.0,29.299999237060547,30.600000381469727,32.0,26.799999237060547,18.399999618530273,28.799999237060547,25.200000762939453,
244000.0,29.5,33.099998474121094,31.899999618530273,27.399999618530273,18.899999618530273,29.799999237060547,25.100000381469727,
245000.0,29.299999237060547,32.099998474121094,32.099998474121094,26.899999618530273,18.799999237060547,30.299999237060547,25.299999237060547,
246000.0,29.899999618530273,29.600000381469727,31.600000381469727,27.5,18.799999237060547,32.400001525878906,26.0,
247000.0,29.899999618530273,29.899999618530273,31.899999618530273,28.0,18.899999618530273,30.200000762939453,25.600000381469727,
248000.0,30.299999237060547,30.100000381469727,32.400001525878906,27.799999237060547,18.899999618530273,31.5,27.0,
249000.0,30.299999237060547,32.0,32.29999923706055,28.299999237060547,19.200000762939453,30.299999237060547,25.200000762939453,
250000.0,30.899999618530273,31.5,32.29999923706055,28.0,19.100000381469727,30.100000381469727,25.200000762939453,
251000.0,32.900001525878906,31.399999618530273,32.70000076293945,27.899999618530273,19.0,30.0,25.700000762939453,
252000.0,31.0,30.200000762939453,33.400001525878906,28.0,19.200000762939453,31.5,25.799999237060547,
253000.0,30.799999237060547,30.700000762939453,33.29999923706055,28.299999237060547,19.299999237060547,30.799999237060547,25.700000762939453,
254000.0,31.600000381469727,30.299999237060547,33.599998474121094,28.299999237060547,19.399999618530273,34.099998474121094,26.299999237060547,
255000.0,31.299999237060547,30.600000381469727,33.29999923706055,28.200000762939453,19.700000762939453,31.0,26.100000381469727,
256000.0,31.5,31.399999618530273,33.5,28.299999237060547,19.399999618530273,38.29999923706055,26.399999618530273,
257000.0,31.299999237060547,32.29999923706055,33.79999923706055,28.399999618530273,19.700000762939453,31.600000381469727,27.100000381469727,
258000.0,31.700000762939453,31.899999618530273,33.79999923706055,28.899999618530273,20.100000381469727,31.799999237060547,27.100000381469727,
259000.0,32.099998474121094,31.399999618530273,33.79999923706055,28.5,19.899999618530273,32.099998474121094,27.299999237060547,
260000.0,32.0,32.70000076293945,34.29999923706055,29.299999237060547,20.100000381469727,33.20000076293945,28.5,
261000.0,32.599998474121094,32.5,34.099998474121094,28.899999618530273,20.100000381469727,33.099998474121094,26.899999618530273,
262000.0,32.900001525878906,33.900001525878906,35.29999923706055,29.399999618530273,20.100000381469727,34.0,27.200000762939453,
263000.0,34.400001525878906,33.20000076293945,35.20000076293945,29.100000381469727,20.0,35.20000076293945,27.399999618530273,
264000.0,35.0,32.70000076293945,35.0,29.100000381469727,20.5,34.79999923706055,27.200000762939453,
265000.0,35.5,33.29999923706055,35.0,30.0,20.200000762939453,33.0,27.899999618530273,
266000.0,33.79999923706055,32.70000076293945,35.79999923706055,30.100000381469727,20.700000762939453,33.5,28.899999618530273,
267000.0,35.0,33.599998474121094,35.79999923706055,29.5,20.299999237060547,32.900001525878906,27.5,
268000.0,34.29999923706055,33.900001525878906,35.5,29.799999237060547,20.5,32.900001525878906,27.799999237060547,
269000.0,34.400001525878906,34.0,35.400001525878906,30.5,20.700000762939453,34.099998474121094,29.799999237060547,
270000.0,34.29999923706055,34.400001525878906,36.29999923706055,30.399999618530273,20.799999237060547,33.400001525878906,28.0,
271000.0,37.0,33.79999923706055,36.400001525878906,30.200000762939453,20.899999618530273,33.099998474121094,28.200000762939453,
272000.0,36.5,33.599998474121094,37.0,29.799999237060547,21.0,34.29999923706055,28.200000762939453,
273000.0,36.29999923706055,34.400001525878906,37.0,30.899999618530273,21.100000381469727,33.29999923706055,28.299999237060547,
274000.0,34.599998474121094,34.400001525878906,35.900001525878906,31.5,21.299999237060547,33.5,29.0,
275000.0,34.79999923706055,33.400001525878906,36.29999923706055,30.899999618530273,21.100000381469727,33.599998474121094,28.799999237060547,
276000.0,34.900001525878906,33.79999923706055,37.099998474121094,31.399999618530273,21.0,34.400001525878906,28.600000381469727,
277000.0,36.400001525878906,34.5,37.0,32.099998474121094,21.200000762939453,35.099998474121094,28.799999237060547,
278000.0,35.70000076293945,34.79999923706055,37.0,31.600000381469727,21.5,35.0,29.0,
279000.0,35.900001525878906,34.70000076293945,37.099998474121094,32.0,21.600000381469727,35.900001525878906,28.899999618530273,
280000.0,35.900001525878906,35.29999923706055,37.5,31.600000381469727,21.399999618530273,35.099998474121094,29.399999618530273,
281000.0,36.20000076293945,35.400001525878906,37.29999923706055,31.700000762939453,21.700000762939453,34.29999923706055,29.200000762939453,
282000.0,36.400001525878906,34.599998474121094,37.900001525878906,31.5,21.899999618530273,35.0,29.200000762939453,
283000.0,36.5,35.900001525878906,38.29999923706055,31.700000762939453,21.899999618530273,36.79999923706055,29.299999237060547,
284000.0,36.70000076293945,36.70000076293945,37.79999923706055,32.099998474121094,21.799999237060547,35.400001525878906,29.5,
285000.0,36.70000076293945,35.29999923706055,37.900001525878906,32.099998474121094,21.899999618530273,34.900001525878906,29.399999618530273,
286000.0,36.79999923706055,36.400001525878906,38.0,32.0,22.100000381469727,35.400001525878906,29.600000381469727,
287000.0,37.0,35.0,38.599998474121094,32.5,22.100000381469727,36.099998474121094,30.0,
288000.0,37.29999923706055,36.099998474121094,38.29999923706055,32.29999923706055,22.399999618530273,37.900001525878906,29.899999618530273,
289000.0,37.5,36.400001525878906,39.099998474121094,33.0,22.600000381469727,36.5,29.899999618530273,
290000.0,37.599998474121094,37.400001525878906,39.400001525878906,33.099998474121094,22.700000762939453,36.29999923706055,31.799999237060547,
291000.0,37.70000076293945,36.20000076293945,39.79999923706055,33.599998474121094,22.600000381469727,36.900001525878906,30.399999618530273,
292000.0,37.79999923706055,36.400001525878906,39.79999923706055,32.900001525878906,22.600000381469727,36.5,30.299999237060547,
293000.0,38.0,36.79999923706055,39.70000076293945,33.099998474121094,22.899999618530273,37.599998474121094,30.700000762939453,
294000.0,39.5,36.900001525878906,40.099998474121094,33.29999923706055,23.0,37.400001525878906,30.700000762939453,
295000.0,40.20000076293945,37.400001525878906,39.20000076293945,33.599998474121094,23.100000381469727,46.400001525878906,30.700000762939453,
296000.0,39.0,37.70000076293945,41.900001525878906,33.79999923706055,23.200000762939453,38.599998474121094,31.0,
297000.0,39.0,37.400001525878906,40.099998474121094,34.099998474121094,23.0,37.099998474121094,31.799999237060547,
298000.0,39.0,37.20000076293945,40.20000076293945,33.599998474121094,23.399999618530273,40.099998474121094,30.899999618530273,
299000.0,39.900001525878906,37.79999923706055,40.0,34.29999923706055,23.399999618530273,37.70000076293945,31.200000762939453,
300000.0,39.599998474121094,37.5,40.29999923706055,34.29999923706055,23.399999618530273,37.599998474121094,31.600000381469727,
301000.0,42.099998474121094,37.900001525878906,40.599998474121094,34.79999923706055,23.5,39.70000076293945,31.5,
302000.0,46.0,37.900001525878906,40.599998474121094,34.900001525878906,23.5,39.20000076293945,31.600000381469727,
303000.0,42.70000076293945,38.400001525878906,41.20000076293945,35.400001525878906,23.700000762939453,38.79999923706055,31.700000762939453,
304000.0,42.70000076293945,38.099998474121094,40.900001525878906,34.70000076293945,23.700000762939453,39.29999923706055,32.099998474121094,
305000.0,44.20000076293945,38.5,41.099998474121094,35.20000076293945,23.799999237060547,37.70000076293945,32.0,
306000.0,44.20000076293945,40.29999923706055,41.29999923706055,35.0,23.799999237060547,38.599998474121094,32.29999923706055,
307000.0,44.099998474121094,38.70000076293945,41.599998474121094,35.5,24.0,38.70000076293945,32.70000076293945,
308000.0,44.79999923706055,38.599998474121094,41.70000076293945,35.29999923706055,24.0,39.5,32.599998474121094,
309000.0,42.599998474121094,39.20000076293945,41.5,35.79999923706055,24.0,41.29999923706055,33.0,
310000.0,43.0,39.900001525878906,42.400001525878906,35.79999923706055,24.399999618530273,39.79999923706055,32.5,
311000.0,42.29999923706055,40.5,41.900001525878906,35.70000076293945,24.299999237060547,41.0,32.400001525878906,
312000.0,42.70000076293945,38.70000076293945,42.900001525878906,36.099998474121094,24.399999618530273,41.0,32.599998474121094,
313000.0,43.5,39.400001525878906,42.5,36.099998474121094,24.5,41.599998474121094,33.20000076293945,
314000.0,43.599998474121094,40.79999923706055,44.599998474121094,35.599998474121094,24.799999237060547,39.5,32.900001525878906,
315000.0,43.599998474121094,39.0,43.79999923706055,35.900001525878906,24.5,39.900001525878906,33.400001525878906,
316000.0,45.20000076293945,40.900001525878906,43.5,36.599998474121094,24.799999237060547,39.599998474121094,33.5,
317000.0,44.70000076293945,41.5,43.29999923706055,36.400001525878906,24.899999618530273,42.099998474121094,33.400001525878906,
318000.0,43.0,40.0,43.29999923706055,36.79999923706055,25.100000381469727,40.29999923706055,33.29999923706055,
319000.0,44.70000076293945,39.79999923706055,43.599998474121094,36.70000076293945,25.100000381469727,40.70000076293945,33.70000076293945,
320000.0,43.5,40.099998474121094,43.400001525878906,36.70000076293945,25.200000762939453,43.900001525878906,33.599998474121094,
321000.0,43.599998474121094,40.599998474121094,43.5,36.29999923706055,25.299999237060547,44.0,33.79999923706055,
322000.0,43.599998474121094,41.20000076293945,43.29999923706055,36.900001525878906,25.299999237060547,41.0,34.0,
323000.0,43.900001525878906,41.20000076293945,43.599998474121094,37.5,25.299999237060547,41.0,33.900001525878906,
324000.0,44.20000076293945,40.70000076293945,44.20000076293945,41.599998474121094,25.5,41.5,34.20000076293945,
325000.0,44.400001525878906,42.20000076293945,43.79999923706055,37.20000076293945,25.600000381469727,41.5,34.20000076293945,
326000.0,44.5,41.5,44.5,40.400001525878906,25.799999237060547,42.099998474121094,36.20000076293945,
327000.0,48.599998474121094,42.79999923706055,44.599998474121094,38.0,26.0,43.599998474121094,34.29999923706055,
328000.0,44.900001525878906,41.900001525878906,44.900001525878906,38.599998474121094,26.0,50.29999923706055,34.5,
329000.0,45.20000076293945,42.70000076293945,45.79999923706055,37.70000076293945,25.899999618530273,43.900001525878906,34.70000076293945,
330000.0,45.20000076293945,42.099998474121094,45.20000076293945,37.900001525878906,25.899999618530273,42.79999923706055,35.29999923706055,
331000.0,45.599998474121094,41.79999923706055,46.29999923706055,38.400001525878906,26.200000762939453,42.70000076293945,34.79999923706055,
332000.0,45.400001525878906,42.29999923706055,46.79999923706055,38.70000076293945,26.299999237060547,42.70000076293945,35.599998474121094,
333000.0,45.900001525878906,43.5,45.29999923706055,39.099998474121094,26.5,42.79999923706055,35.5,
334000.0,46.29999923706055,42.099998474121094,45.70000076293945,38.400001525878906,26.399999618530273,42.29999923706055,35.400001525878906,
335000.0,46.29999923706055,42.29999923706055,45.70000076293945,38.900001525878906,26.799999237060547,42.400001525878906,35.400001525878906,
336000.0,46.599998474121094,43.70000076293945,45.79999923706055,39.29999923706055,26.600000381469727,45.20000076293945,35.599998474121094,
337000.0,46.79999923706055,43.29999923706055,46.70000076293945,39.0,26.899999618530273,42.5,35.5,
338000.0,47.0,43.599998474121094,46.099998474121094,39.400001525878906,26.299999237060547,42.5,36.0,
339000.0,47.29999923706055,43.099998474121094,46.599998474121094,39.0,27.0,43.0,35.70000076293945,
340000.0,47.29999923706055,42.5,47.20000076293945,39.099998474121094,26.700000762939453,45.5,36.20000076293945,
341000.0,47.70000076293945,43.5,47.0,39.70000076293945,27.0,45.79999923706055,36.0,
342000.0,48.099998474121094,43.5,47.0,39.70000076293945,27.100000381469727,44.70000076293945,36.099998474121094,
343000.0,48.70000076293945,43.79999923706055,46.599998474121094,39.900001525878906,27.299999237060547,44.400001525878906,36.20000076293945,
344000.0,48.20000076293945,45.70000076293945,50.20000076293945,40.20000076293945,27.399999618530273,46.5,36.5,
345000.0,48.20000076293945,44.0,48.400001525878906,41.0,27.5,45.20000076293945,36.599998474121094,
346000.0,48.29999923706055,44.0,48.20000076293945,40.900001525878906,28.0,45.099998474121094,36.400001525878906,
347000.0,48.599998474121094,45.29999923706055,47.70000076293945,41.099998474121094,27.899999618530273,50.29999923706055,36.70000076293945,
348000.0,48.79999923706055,45.099998474121094,48.0,40.599998474121094,28.0,45.599998474121094,37.0,
349000.0,49.29999923706055,45.599998474121094,48.20000076293945,40.29999923706055,27.799999237060547,44.70000076293945,36.900001525878906,
350000.0,50.0,45.70000076293945,48.400001525878906,41.0,27.799999237060547,45.29999923706055,37.099998474121094,
351000.0,49.70000076293945,45.599998474121094,48.900001525878906,40.599998474121094,28.200000762939453,45.099998474121094,37.0,
352000.0,49.900001525878906,45.5,48.5,41.0,28.0,47.79999923706055,37.400001525878906,
353000.0,50.0,45.79999923706055,48.900001525878906,40.79999923706055,28.100000381469727,45.0,37.599998474121094,
354000.0,50.099998474121094,45.400001525878906,50.20000076293945,41.599998474121094,28.200000762939453,45.400001525878906,37.900001525878906,
355000.0,50.400001525878906,47.400001525878906,49.29999923706055,41.599998474121094,28.200000762939453,45.5,37.70000076293945,
356000.0,50.70000076293945,47.0,48.900001525878906,41.5,28.200000762939453,46.400001525878906,38.0,
357000.0,51.0,46.400001525878906,48.70000076293945,41.900001525878906,28.600000381469727,45.70000076293945,38.599998474121094,
358000.0,51.0,46.20000076293945,49.5,41.70000076293945,28.5,46.5,38.0,
359000.0,51.20000076293945,47.0,49.5,42.0,28.700000762939453,49.29999923706055,38.099998474121094,
360000.0,51.099998474121094,46.70000076293945,49.5,41.70000076293945,28.700000762939453,47.70000076293945,38.400001525878906,
361000.0,51.79999923706055,46.599998474121094,49.70000076293945,46.20000076293945,28.700000762939453,48.5,38.400001525878906,
362000.0,51.79999923706055,45.29999923706055,50.20000076293945,42.400001525878906,28.899999618530273,49.20000076293945,40.0,
363000.0,52.0,46.5,50.599998474121094,43.0,29.0,47.5,38.79999923706055,
364000.0,52.0,46.5,50.5,43.5,29.100000381469727,48.599998474121094,39.20000076293945,
365000.0,52.20000076293945,46.400001525878906,50.900001525878906,43.099998474121094,29.100000381469727,47.099998474121094,38.599998474121094,
366000.0,52.79999923706055,47.400001525878906,51.29999923706055,43.29999923706055,29.100000381469727,46.79999923706055,39.400001525878906,
367000.0,52.900001525878906,45.79999923706055,50.900001525878906,43.70000076293945,29.399999618530273,46.79999923706055,39.400001525878906,
368000.0,53.20000076293945,46.79999923706055,51.0,43.29999923706055,29.100000381469727,49.0,39.099998474121094,
369000.0,53.70000076293945,49.400001525878906,51.099998474121094,45.29999923706055,29.899999618530273,47.79999923706055,39.0,
370000.0,53.599998474121094,49.599998474121094,51.599998474121094,44.29999923706055,29.5,47.29999923706055,39.400001525878906,
371000.0,54.0,49.5,51.400001525878906,44.099998474121094,29.899999618530273,46.70000076293945,39.79999923706055,
372000.0,54.0,49.599998474121094,51.400001525878906,44.29999923706055,29.899999618530273,48.099998474121094,40.099998474121094,
373000.0,54.099998474121094,48.5,52.900001525878906,44.0,29.899999618530273,48.20000076293945,40.099998474121094,
374000.0,54.70000076293945,48.5,52.099998474121094,43.79999923706055,30.0,50.29999923706055,40.79999923706055,
375000.0,54.79999923706055,48.5,51.900001525878906,43.70000076293945,30.200000762939453,48.900001525878906,40.20000076293945,
376000.0,55.0,48.70000076293945,52.29999923706055,44.70000076293945,30.200000762939453,49.79999923706055,40.599998474121094,
377000.0,55.5,48.900001525878906,54.400001525878906,46.29999923706055,30.200000762939453,54.0,40.79999923706055,
378000.0,55.29999923706055,48.400001525878906,53.599998474121094,44.70000076293945,30.299999237060547,49.900001525878906,40.400001525878906,
379000.0,55.599998474121094,48.400001525878906,53.29999923706055,44.20000076293945,30.200000762939453,49.70000076293945,42.0,
380000.0,55.599998474121094,48.0,52.79999923706055,44.599998474121094,30.399999618530273,49.599998474121094,41.099998474121094,
381000.0,56.0,51.599998474121094,54.400001525878906,44.900001525878906,30.600000381469727,51.599998474121094,41.099998474121094,
382000.0,56.400001525878906,50.099998474121094,53.400001525878906,45.20000076293945,30.600000381469727,49.400001525878906,41.0,
383000.0,56.599998474121094,49.70000076293945,53.70000076293945,45.900001525878906,30.899999618530273,51.099998474121094,41.29999923706055,
384000.0,56.79999923706055,49.79999923706055,53.70000076293945,46.0,30.899999618530273,57.20000076293945,41.400001525878906,
385000.0,57.20000076293945,52.0,53.900001525878906,46.20000076293945,31.0,53.20000076293945,41.29999923706055,
386000.0,57.099998474121094,50.0,53.79999923706055,46.400001525878906,31.0,50.900001525878906,41.20000076293945,
387000.0,57.29999923706055,49.900001525878906,54.70000076293945,47.20000076293945,31.100000381469727,50.900001525878906,41.599998474121094,
388000.0,57.5,51.599998474121094,53.599998474121094,48.099998474121094,31.399999618530273,50.79999923706055,41.70000076293945,
389000.0,57.599998474121094,51.20000076293945,54.099998474121094,46.599998474121094,31.200000762939453,51.5,41.79999923706055,
390000.0,58.0,50.5,54.79999923706055,47.20000076293945,31.600000381469727,51.70000076293945,41.70000076293945,
391000.0,58.20000076293945,52.5,54.5,45.79999923706055,31.5,52.29999923706055,41.79999923706055,
392000.0,58.29999923706055,52.599998474121094,55.20000076293945,47.20000076293945,31.600000381469727,53.0,42.0,
393000.0,58.79999923706055,52.900001525878906,55.29999923706055,49.70000076293945,31.899999618530273,53.0,42.099998474121094,
394000.0,59.70000076293945,51.29999923706055,55.29999923706055,46.400001525878906,31.700000762939453,59.099998474121094,42.400001525878906,
395000.0,59.599998474121094,51.400001525878906,56.599998474121094,47.5,31.799999237060547,55.5,42.900001525878906,
396000.0,59.400001525878906,52.70000076293945,55.70000076293945,46.79999923706055,32.099998474121094,55.0,42.79999923706055,
397000.0,59.5,51.5,56.0,47.400001525878906,31.899999618530273,55.5,43.20000076293945,
398000.0,59.79999923706055,53.20000076293945,56.900001525878906,47.400001525878906,32.20000076293945,51.599998474121094,43.29999923706055,
399000.0,59.900001525878906,52.70000076293945,56.400001525878906,47.79999923706055,32.5,52.29999923706055,43.20000076293945,
400000.0,60.20000076293945,52.79999923706055,56.400001525878906,47.70000076293945,32.5,54.20000076293945,43.29999923706055,
401000.0,60.79999923706055,52.29999923706055,56.0,47.79999923706055,32.599998474121094,54.5,44.20000076293945,
402000.0,61.0,54.099998474121094,56.400001525878906,48.599998474121094,32.70000076293945,52.29999923706055,43.79999923706055,
403000.0,61.099998474121094,51.900001525878906,56.099998474121094,48.20000076293945,32.79999923706055,52.0,43.5,
404000.0,62.79999923706055,55.0,56.900001525878906,49.099998474121094,32.900001525878906,53.0,43.900001525878906,
405000.0,61.400001525878906,52.70000076293945,56.70000076293945,49.099998474121094,32.79999923706055,54.099998474121094,43.400001525878906,
406000.0,61.599998474121094,51.400001525878906,57.70000076293945,49.400001525878906,33.0,52.599998474121094,43.900001525878906,
407000.0,61.79999923706055,53.79999923706055,57.29999923706055,49.099998474121094,33.20000076293945,53.099998474121094,45.5,
408000.0,62.20000076293945,52.20000076293945,58.20000076293945,48.70000076293945,32.900001525878906,56.0,44.20000076293945,
409000.0,62.29999923706055,54.599998474121094,58.599998474121094,49.5,33.400001525878906,54.20000076293945,44.099998474121094,
410000.0,62.400001525878906,53.70000076293945,58.0,48.79999923706055,33.20000076293945,56.599998474121094,44.599998474121094,
411000.0,62.900001525878906,55.099998474121094,58.20000076293945,49.0,33.5,53.099998474121094,44.400001525878906,
412000.0,63.20000076293945,54.099998474121094,58.20000076293945,49.29999923706055,33.20000076293945,55.20000076293945,44.599998474121094,
413000.0,63.20000076293945,54.5,58.70000076293945,49.70000076293945,33.599998474121094,53.70000076293945,44.79999923706055,
414000.0,63.29999923706055,55.5,58.900001525878906,49.79999923706055,33.70000076293945,54.400001525878906,45.0,
415000.0,63.599998474121094,55.900001525878906,59.5,49.79999923706055,33.79999923706055,54.29999923706055,46.099998474121094,
416000.0,63.70000076293945,56.29999923706055,58.5,49.5,33.79999923706055,57.79999923706055,45.0,
417000.0,64.0,55.900001525878906,58.29999923706055,49.599998474121094,33.900001525878906,54.5,45.0,
418000.0,64.30000305175781,54.400001525878906,58.900001525878906,50.400001525878906,34.20000076293945,55.70000076293945,45.400001525878906,
419000.0,64.69999694824219,54.0,59.599998474121094,50.79999923706055,34.099998474121094,53.79999923706055,45.400001525878906,
420000.0,65.0999984741211,55.400001525878906,60.400001525878906,50.400001525878906,34.20000076293945,54.70000076293945,45.599998474121094,
421000.0,65.19999694824219,55.5,60.29999923706055,51.20000076293945,34.599998474121094,55.5,45.79999923706055,
422000.0,65.30000305175781,55.099998474121094,63.099998474121094,51.900001525878906,34.70000076293945,56.20000076293945,45.79999923706055,
423000.0,65.69999694824219,56.099998474121094,61.5,51.20000076293945,34.29999923706055,55.20000076293945,45.599998474121094,
424000.0,65.80000305175781,55.400001525878906,60.099998474121094,51.20000076293945,34.599998474121094,57.0,46.599998474121094,
425000.0,66.5,56.099998474121094,60.400001525878906,52.29999923706055,34.70000076293945,58.099998474121094,46.29999923706055,
426000.0,66.19999694824219,56.79999923706055,61.0,50.70000076293945,34.79999923706055,85.69999694824219,46.0,
427000.0,66.69999694824219,56.099998474121094,60.70000076293945,51.599998474121094,35.0,62.099998474121094,46.400001525878906,
428000.0,67.19999694824219,55.900001525878906,61.0,51.599998474121094,34.29999923706055,58.599998474121094,46.70000076293945,
429000.0,66.9000015258789,57.70000076293945,60.79999923706055,52.20000076293945,34.79999923706055,55.599998474121094,46.20000076293945,
430000.0,67.4000015258789,56.900001525878906,61.0,51.70000076293945,35.099998474121094,56.79999923706055,47.0,
431000.0,67.69999694824219,57.0,61.599998474121094,51.5,35.0,55.599998474121094,47.0,
432000.0,68.19999694824219,59.20000076293945,61.400001525878906,52.099998474121094,35.099998474121094,58.900001525878906,46.900001525878906,
433000.0,68.0999984741211,57.79999923706055,62.900001525878906,55.70000076293945,35.400001525878906,57.29999923706055,47.70000076293945,
434000.0,68.0999984741211,57.70000076293945,62.099998474121094,52.900001525878906,35.79999923706055,57.29999923706055,47.599998474121094,
435000.0,68.19999694824219,58.20000076293945,62.0,52.70000076293945,35.20000076293945,56.099998474121094,53.29999923706055,
436000.0,68.5999984741211,57.900001525878906,63.79999923706055,52.70000076293945,35.70000076293945,58.900001525878906,47.79999923706055,
437000.0,68.80000305175781,58.70000076293945,63.20000076293945,52.20000076293945,35.599998474121094,57.400001525878906,48.0,
438000.0,69.30000305175781,59.29999923706055,62.79999923706055,53.20000076293945,36.099998474121094,58.599998474121094,48.29999923706055,
439000.0,69.4000015258789,58.70000076293945,63.0,53.099998474121094,36.20000076293945,57.599998474121094,47.29999923706055,
440000.0,69.80000305175781,58.5,62.900001525878906,54.70000076293945,36.099998474121094,61.29999923706055,47.79999923706055,
441000.0,70.19999694824219,61.099998474121094,63.70000076293945,53.20000076293945,35.79999923706055,57.79999923706055,48.400001525878906,
442000.0,70.69999694824219,59.900001525878906,63.20000076293945,52.5,36.20000076293945,58.599998474121094,47.79999923706055,
443000.0,70.30000305175781,57.70000076293945,63.900001525878906,53.900001525878906,36.099998474121094,59.0,47.900001525878906,
444000.0,70.5,57.79999923706055,63.400001525878906,53.70000076293945,36.5,58.29999923706055,48.0,
445000.0,70.80000305175781,60.099998474121094,63.900001525878906,53.900001525878906,36.599998474121094,57.599998474121094,48.599998474121094,
446000.0,70.9000015258789,60.79999923706055,64.4000015258789,53.900001525878906,36.599998474121094,58.599998474121094,48.29999923706055,
447000.0,71.30000305175781,60.0,65.30000305175781,53.70000076293945,37.20000076293945,58.5,48.400001525878906,
448000.0,71.4000015258789,59.70000076293945,64.4000015258789,56.5,38.70000076293945,63.599998474121094,48.20000076293945,
449000.0,72.0999984741211,59.5,64.30000305175781,54.5,36.900001525878906,60.29999923706055,48.599998474121094,
450000.0,71.9000015258789,60.70000076293945,66.80000305175781,54.5,36.900001525878906,60.20000076293945,49.0,
451000.0,72.4000015258789,59.79999923706055,64.5,54.599998474121094,37.20000076293945,59.400001525878906,49.099998474121094,
452000.0,72.5,60.099998474121094,65.30000305175781,59.400001525878906,38.70000076293945,60.5,50.0,
453000.0,72.80000305175781,59.900001525878906,65.4000015258789,55.79999923706055,38.400001525878906,60.29999923706055,50.099998474121094,
454000.0,72.69999694824219,61.70000076293945,65.80000305175781,56.5,37.29999923706055,60.400001525878906,49.5,
455000.0,73.19999694824219,61.0,64.9000015258789,55.400001525878906,38.29999923706055,61.0,49.400001525878906,
456000.0,73.30000305175781,62.20000076293945,65.69999694824219,55.70000076293945,39.099998474121094,63.5,50.0,
457000.0,74.0,62.0,66.9000015258789,55.900001525878906,37.79999923706055,63.599998474121094,51.79999923706055,
458000.0,74.0,62.20000076293945,67.0999984741211,55.70000076293945,37.400001525878906,62.70000076293945,49.900001525878906,
459000.0,74.19999694824219,61.29999923706055,66.4000015258789,55.79999923706055,38.099998474121094,74.0,49.79999923706055,
460000.0,74.30000305175781,63.099998474121094,66.19999694824219,56.20000076293945,40.400001525878906,66.9000015258789,50.400001525878906,
461000.0,74.5,63.20000076293945,66.0,55.29999923706055,38.70000076293945,62.0,50.400001525878906,
462000.0,74.9000015258789,62.599998474121094,66.5999984741211,56.20000076293945,43.70000076293945,63.0,50.20000076293945,
463000.0,75.69999694824219,62.599998474121094,66.80000305175781,56.20000076293945,38.79999923706055,60.900001525878906,50.70000076293945,
464000.0,75.0,62.099998474121094,67.5,56.20000076293945,38.79999923706055,63.5,50.900001525878906,
465000.0,75.80000305175781,61.0,67.69999694824219,57.79999923706055,37.900001525878906,62.20000076293945,50.599998474121094,
466000.0,76.4000015258789,60.599998474121094,68.19999694824219,58.79999923706055,39.20000076293945,62.900001525878906,50.900001525878906,
467000.0,76.19999694824219,61.79999923706055,70.4000015258789,57.20000076293945,39.29999923706055,67.80000305175781,51.0,
468000.0,76.80000305175781,62.20000076293945,68.30000305175781,57.0,38.400001525878906,63.099998474121094,51.20000076293945,
469000.0,76.9000015258789,62.20000076293945,69.0999984741211,57.29999923706055,39.29999923706055,66.5,51.5,
470000.0,77.0,63.400001525878906,68.30000305175781,57.29999923706055,40.599998474121094,63.70000076293945,51.599998474121094,
471000.0,77.80000305175781,63.400001525878906,67.5,57.099998474121094,39.599998474121094,63.400001525878906,52.29999923706055,
472000.0,77.80000305175781,64.19999694824219,67.9000015258789,58.79999923706055,39.20000076293945,64.0999984741211,51.5,
473000.0,77.80000305175781,65.80000305175781,68.30000305175781,58.099998474121094,39.29999923706055,65.0999984741211,51.79999923706055,
474000.0,78.0,63.900001525878906,68.5,58.29999923706055,39.599998474121094,63.900001525878906,52.20000076293945,
475000.0,78.19999694824219,64.0,69.80000305175781,57.900001525878906,39.29999923706055,66.0,52.20000076293945,
476000.0,78.69999694824219,64.0999984741211,68.69999694824219,57.599998474121094,39.900001525878906,65.30000305175781,52.0,
477000.0,79.0999984741211,64.30000305175781,69.0999984741211,58.599998474121094,39.5,64.0999984741211,52.29999923706055,
478000.0,79.30000305175781,64.69999694824219,73.5,58.79999923706055,39.900001525878906,64.0,52.400001525878906,
479000.0,79.4000015258789,63.5,70.80000305175781,59.599998474121094,39.900001525878906,64.69999694824219,52.29999923706055,
480000.0,79.9000015258789,64.80000305175781,70.0,58.70000076293945,40.20000076293945,68.4000015258789,52.29999923706055,
481000.0,79.5,68.80000305175781,69.5999984741211,59.20000076293945,40.0,64.0,52.599998474121094,
482000.0,80.5999984741211,66.5,69.5,60.099998474121094,40.29999923706055,64.5,55.599998474121094,
483000.0,80.0999984741211,66.5,69.69999694824219,59.5,41.900001525878906,64.9000015258789,53.20000076293945,
484000.0,84.80000305175781,65.4000015258789,70.0,61.599998474121094,41.29999923706055,64.9000015258789,53.79999923706055,
485000.0,87.4000015258789,65.30000305175781,70.0,58.70000076293945,40.400001525878906,64.69999694824219,53.70000076293945,
486000.0,102.4000015258789,66.5999984741211,70.5999984741211,59.70000076293945,40.20000076293945,65.19999694824219,53.0,
487000.0,86.9000015258789,65.80000305175781,70.9000015258789,60.70000076293945,40.5,65.9000015258789,53.5,
488000.0,89.80000305175781,65.4000015258789,71.0,59.400001525878906,40.79999923706055,67.5999984741211,53.599998474121094,
489000.0,85.5999984741211,67.0,71.5,59.900001525878906,40.400001525878906,66.4000015258789,54.0,
490000.0,88.30000305175781,67.0999984741211,71.4000015258789,60.5,40.70000076293945,68.0,53.70000076293945,
491000.0,100.19999694824219,69.19999694824219,72.4000015258789,62.5,40.70000076293945,68.0999984741211,54.0,
492000.0,93.0,65.4000015258789,72.19999694824219,61.099998474121094,40.5,73.19999694824219,54.20000076293945,
493000.0,84.19999694824219,66.0,71.9000015258789,61.099998474121094,41.20000076293945,68.30000305175781,54.099998474121094,
494000.0,87.4000015258789,66.80000305175781,71.80000305175781,62.400001525878906,41.29999923706055,66.0,53.900001525878906,
495000.0,84.5999984741211,64.9000015258789,71.80000305175781,61.29999923706055,41.70000076293945,66.5999984741211,54.400001525878906,
496000.0,85.0999984741211,66.5,72.4000015258789,61.5,41.5,68.0999984741211,55.29999923706055,
497000.0,87.30000305175781,68.4000015258789,72.0999984741211,61.900001525878906,41.20000076293945,66.0999984741211,59.099998474121094,
498000.0,85.5999984741211,66.4000015258789,72.19999694824219,61.70000076293945,41.900001525878906,66.4000015258789,55.400001525878906,
499000.0,96.0999984741211,67.0,73.4000015258789,61.70000076293945,41.900001525878906,66.9000015258789,55.099998474121094,
500000.0,87.30000305175781,68.0999984741211,73.80000305175781,62.20000076293945,42.5,67.19999694824219,55.20000076293945,
